{
  "hips": {
    "rotation": [  0.000000,  1.000000,  0.000000,  0.000000 ]
  },
  "leftShoulder": {
    "rotation": [  0.000000,  0.000000,  0.087156,  0.996195 ]
  },
  "rightShoulder": {
    "rotation": [  0.000000,  0.000000, -0.087156,  0.996195 ]
  },
  "leftUpperArm": {
    "rotation": [  0.000000,  0.000000,  0.500000,  0.866025 ]
  },
  "rightUpperArm": {
    "rotation": [  0.000000,  0.000000, -0.500000,  0.866025 ]
  },
  "leftLowerArm": {
    "rotation": [  0.000000,  0.000000,  0.087156,  0.996195 ]
  },
  "rightLowerArm": {
    "rotation": [  0.000000,  0.000000, -0.087156,  0.996195 ]
  }
}
